{"average_speed": 22.236598890942698, "overspeed": 0.0, "eval_vspeed_times": 0.0, "fun_brake": 266.6666666666667, "fun_accelerate": 133.33333333333334, "sharp_turn": 66.66666666666667, "idle": 0.17718510694481118}